supplier_id,supplier_name,supplier_email
SUP1006,Accessories Network,lparker@accessoriesnetwork.co.uk
SUP1004,Acclaimed Bicycle Company,nsmith@acebicycle.org.uk
SUP1023,Ace Bicycle Supply,hello@acebicycle.org.uk
SUP1015,Active Systems,helpdesk@activesystems.co.uk
SUP1024,Advanced Bike Components,jwalker@advancedbikecomponents.co.uk
SUP1032,Affordable Sports Equipment,taylor.johnson@affordablesportsequipment.org.uk
SUP1046,Amalgamated Parts Shop,customerservices@amalgamated.co.uk
SUP1031,Bike Products and Accessories,isla.adams@bikeaccessories.uk
SUP1050,Capable Sales and Service,helpdesk@capablesales.uk
SUP1002,Capital Riding Supplies,lwhite@capitalriding.org.uk
SUP1008,Certified Sports Supply,support@certifiedsports.org.uk
SUP1035,City Manufacturing,sam.harris@citymanufacturing.co.uk
SUP1027,Curbside Universe,team@curbsideuniverse.uk
SUP1019,Custom Accessories Company,jadams@customaccessories.org.uk
SUP1003,Cycle Merchants,charlie.clark@cyclemerchants.co.uk
SUP1016,Eastside Parts Shop,oscar.harris@eastside.uk
SUP1028,Economic Parts Supply,enquiries@economic.org.uk
SUP1034,Engineered Bike Systems,hr@engineeredbikesystems.org.uk
SUP1025,Extreme Riding Supplies,hclark@extremeriding.org.uk
SUP1012,Finer Parts Shop,cwood@finer.org.uk
SUP1011,Finished Parts Shop,billing@finished.co.uk
SUP1030,Fitness Supplies,contact@fitness.uk
SUP1045,Functional Store North,gbrown@functionalnorth.org.uk
SUP1000,Functional Store South,customerservice@functionalsouth.org.uk
SUP1043,General Riding Supplies,jbrown@generalriding.co.uk
SUP1044,Global Sporting Goods,isla.smith@globalsportinggoods.org.uk
SUP1026,Hometown Riding Supplies,contact@hometownriding.uk
SUP1040,Major Sport Suppliers,ivy.parker@majorsportsuppliers.uk
SUP1018,Metro Sports Supplies,mwright@metrosports.co.uk
SUP1033,Number 1 Supply,team@number1.co.uk
SUP1005,Preferred Bikes,mia.baker@preferredbikes.co.uk
SUP1048,Pro Sporting Goods,info@prosportinggoods.uk
SUP1041,Parts Discount Store,jacob.turner@discount.org.uk
SUP1038,Rural Mountain Bike Mart,icooper@ruralmountainbike.co.uk
SUP1047,Simple Bike Parts,mdavies@simplebike.uk
SUP1009,Technical Parts Manufacturing,mtaylor@technicalmanufacturing.org.uk
SUP1014,The Bicycle Accessories Company,olivia.baker@bicycleaccessories.org.uk
SUP1029,This Area Sporting Goods,fturner@thisareasporting.co.uk
SUP1042,Top Sports Supply,jobs@topsports.org.uk
SUP1036,Valuable Bike Parts Company,awatson@valuablebike.org.uk
SUP1039,Number 1 Cycle Parts,jack.turner@number1cycle.uk
SUP1022,Cylcing Clothing,support@cylcingclothing.org.uk
SUP1007,International Adventure Supplies,ejohnson@internationaladventure.co.uk
SUP1001,Pursuit Supplies,jtaylor@pursuit.uk
SUP1037,One Stop Cycle Parts,enquiries@onestopcycle.org.uk
SUP1021,Discount sports suppliers,aadams@discountsportssuppliers.uk
SUP1017,Premier Bike Parts,contact@premierbike.co.uk
